	Exit	Confidence	Class
	0	0.5133	3
	0	0.6136	1
	0	0.8028	0
	0	0.4110	2
	0	0.6648	5
	0	0.9852	1
	0	0.5545	6
	0	0.5449	1
	0	0.9890	5
	0	0.2799	7
	0	0.5322	2
	0	0.5974	5
	0	0.9132	3
	0	0.4386	7
	0	0.9459	2
	0	0.6778	9
	0	0.6182	5
	0	0.4257	3
	0	0.5082	9
	0	0.3982	1
	0	0.6983	5
	0	0.8107	3
	0	0.7817	4
	0	0.4061	6
	0	0.9168	4
	0	0.2923	7
	0	0.5367	0
	0	0.3968	3
	0	0.5078	9
	0	0.6288	9
	0	0.6101	4
	0	0.4204	3
	0	0.4622	0
	0	0.4959	4
	0	0.5819	9
	0	0.5013	7
	0	0.5739	3
	0	0.5371	3
	0	0.5853	0
	0	0.4791	3
	0	0.5221	5
	0	0.7787	2
	0	0.3760	6
	0	0.7331	1
	0	0.5672	4
	0	0.5723	3
	0	0.6792	2
	0	0.6024	5
	0	0.9042	5
	0	0.6287	6
	0	0.2768	7
	0	0.7441	5
	0	0.5618	1
	0	0.3190	3
	0	0.5904	4
	0	0.3396	2
	0	0.5439	6
	0	0.6643	0
	0	0.9099	3
	0	0.3766	6
	0	0.5334	6
	0	0.5221	3
	0	0.6717	3
	0	0.4359	0
	0	0.3715	8
	0	0.5124	4
	0	0.5350	7
	0	0.4769	5
	0	0.8808	2
	0	0.7836	1
	0	0.6084	4
	0	0.7593	2
	0	0.4171	3
	0	0.6110	6
	0	0.5827	7
	0	0.9465	2
	0	0.3527	4
	0	0.5894	2
	0	0.4898	4
	0	0.6127	1
	0	0.3998	2
	0	0.5365	5
	0	0.4003	8
	0	0.7930	5
	0	0.9978	1
	0	0.6159	4
	0	0.5114	2
	0	0.5472	5
	0	0.1951	9
	0	0.7708	5
	0	0.8622	4
	0	0.3968	3
	0	0.3063	5
	0	0.5433	7
	0	0.2863	8
	0	0.7775	4
	0	0.4821	4
	0	0.4312	6
	0	0.8805	1
	0	0.6278	5
	0	0.4413	6
	0	0.4397	7
	0	0.5284	3
	0	0.7333	1
	0	0.5760	2
	0	0.5029	4
	0	0.5087	3
	0	0.4753	8
	0	0.8491	3
	0	0.2965	4
	0	0.3828	0
	0	0.3752	5
	0	0.4363	9
	0	0.5810	0
	0	0.8559	9
	0	0.8485	4
	0	0.5312	9
	0	0.2863	2
	0	0.4627	9
	0	0.5481	3
	0	0.5728	4
	0	0.5406	3
	0	0.3413	7
	0	0.7013	2
	0	0.7178	3
	0	0.5905	3
	0	0.5958	5
	0	0.4634	8
	0	0.4881	4
	0	0.5512	3
	0	0.6976	6
	0	0.6475	8
	0	0.8732	0
	0	0.6980	3
	0	0.5221	5
	0	0.8857	5
	0	0.7372	2
	0	0.9561	3
	0	0.3499	5
	0	0.7976	5
	0	0.7376	0
	0	0.8848	3
	0	0.6954	0
	0	0.3833	0
	0	0.4954	6
	0	0.4872	5
	0	0.7477	9
	0	0.4204	8
	0	0.9226	6
	0	0.6143	8
	0	0.4336	3
	0	0.5373	0
	0	0.9368	3
	0	0.6415	0
	0	0.4431	4
	0	0.5466	5
	0	0.5231	2
	0	0.6178	2
	0	0.5008	0
	0	0.3896	1
	0	0.5814	5
	0	0.5353	4
	0	0.4405	3
	0	0.7624	2
	0	0.3103	5
	0	0.4035	4
	0	0.7364	4
	0	0.5710	6
	0	0.2793	2
	0	0.8216	9
	0	0.8624	4
	0	0.5145	6
	0	0.6786	5
	0	0.2625	5
	0	0.3988	7
	0	0.5904	1
	0	0.5543	3
	0	0.2882	9
	0	0.8571	3
	0	0.6285	3
	0	0.3553	2
	0	0.4578	6
	0	0.5251	5
	0	0.5355	0
	0	0.5502	1
	0	0.2936	4
	0	0.6716	4
	0	0.4200	8
	0	0.8457	1
	0	0.6714	7
	0	0.3095	3
	0	0.5500	6
	0	0.4896	8
	0	0.4964	2
	0	0.6533	8
	0	0.9753	3
	0	0.4293	4
	0	0.3182	8
	0	0.3163	2
	0	0.6466	7
	0	0.9318	3
	0	0.8425	0
	0	0.3882	2
	0	0.4278	4
	0	0.9948	0
	0	0.6126	2
	0	0.6176	2
	0	0.5312	6
	0	0.8654	9
	0	0.2754	5
	0	0.6217	3
	0	0.9125	2
	0	0.5652	9
	0	0.5136	5
	0	0.8419	5
	0	0.5048	7
	0	0.3619	0
	0	0.7260	3
	0	0.3815	5
	0	0.6801	7
	0	0.9552	6
	0	0.5232	3
	0	0.5339	3
	0	0.6723	4
	0	0.3763	8
	0	0.7479	2
	0	0.4708	6
	0	0.3620	4
	0	0.7029	2
	0	0.5264	4
	0	0.5719	5
	0	0.7393	9
	0	0.9792	3
	0	0.3404	5
	0	0.3081	4
	0	0.3241	2
	0	0.4348	6
	0	0.5537	4
	0	0.6298	2
	0	0.8151	9
	0	0.8967	1
	0	0.3280	4
	0	0.6041	5
	0	0.6447	2
	0	0.4212	3
	0	0.4844	3
	0	0.5979	2
	0	0.7062	7
	0	0.5540	4
	0	0.6296	4
	0	0.9296	5
	0	0.9873	3
	0	0.4348	4
	0	0.2932	9
	0	0.6869	6
	0	0.2983	3
	0	0.7889	9
	0	0.5003	1
	0	0.3407	9
	0	0.7054	0
	0	0.6758	6
	0	0.4228	7
	0	0.8924	1
	0	0.7048	8
	0	0.4535	5
	0	0.4000	5
	0	0.4889	4
	0	0.8935	1
	0	0.8324	2
	0	0.4157	5
	0	0.4712	0
	0	0.8698	7
	0	0.6127	6
	0	0.4472	4
	0	0.6825	1
	0	0.5859	5
	0	0.9041	5
	0	0.7595	2
	0	0.6142	2
	0	0.3525	4
	0	0.6614	7
	0	0.5350	3
	0	0.5183	6
	0	0.5127	5
	0	0.4928	2
	0	0.4100	2
	0	0.2620	0
	0	0.3963	6
	0	0.9118	7
	0	0.5256	4
	0	0.6225	3
	0	0.6005	2
	0	0.5587	7
	0	0.6142	0
	0	0.6185	3
	0	0.3860	6
	0	0.4326	4
	0	0.4651	4
	0	0.8486	0
	0	0.8103	5
	0	0.6062	5
	0	0.5440	5
	0	0.4762	3
	0	0.5640	3
	0	0.8794	9
	0	0.8102	3
	0	0.6083	5
	0	0.4773	2
	0	0.8194	3
	0	0.7294	9
	0	0.8113	3
	0	0.3705	3
	0	0.3215	6
	0	0.8775	5
	0	0.3234	4
	0	0.8307	8
	0	0.4528	0
	0	0.6513	0
	0	0.5860	1
	0	0.8127	1
	0	0.4251	3
	0	0.3092	0
	0	0.6319	2
	0	0.8637	5
	0	0.5610	7
	0	0.9273	5
	0	0.6141	3
	0	0.6210	7
	0	0.4261	0
	0	0.8608	3
	0	0.4084	2
	0	0.4686	7
	0	0.5190	0
	0	0.8351	3
	0	0.5319	7
	0	0.4498	0
	0	0.8853	9
	0	0.2288	7
	0	0.3329	6
	0	0.7230	3
	0	0.8310	4
	0	0.5012	0
	0	0.8502	8
	0	0.5830	0
	0	0.8072	7
	0	0.4028	4
	0	0.8362	2
	0	0.5372	5
	0	0.4414	6
	0	0.2933	2
	0	0.4749	2
	0	0.3882	7
	0	0.9460	7
	0	0.3957	7
	0	0.4108	4
	0	0.4940	5
	0	0.5231	5
	0	0.3553	7
	0	0.4953	7
	0	0.4246	7
	0	0.7493	8
	0	0.5504	3
	0	0.5396	5
	0	0.2816	3
	0	0.4248	2
	0	0.3348	6
	0	0.7455	1
	0	0.7735	5
	0	0.6011	5
	0	0.3358	0
	0	0.7230	0
	0	0.6067	7
	0	0.5378	2
	0	0.3130	4
	0	0.4417	3
	0	0.7267	3
	0	0.7627	3
	0	0.4570	1
	0	0.4019	2
	0	0.9938	7
	0	0.4985	3
	0	0.6225	3
	0	0.9548	2
	0	0.5904	3
	0	0.3178	2
	0	0.9135	2
	0	0.2673	7
	0	0.7050	9
	0	0.5601	4
	0	0.6279	5
	0	0.6263	1
	0	0.8362	4
	0	0.8441	9
	0	0.6212	3
	0	0.9391	2
	0	0.5600	0
	0	0.3682	0
	0	0.5125	3
	0	0.8025	2
	0	0.6495	5
	0	0.7374	6
	0	0.2470	3
	0	0.7709	3
	0	0.4201	4
	0	0.4529	7
	0	0.6590	4
	0	0.5767	0
	0	0.7548	2
	0	0.6665	3
	0	0.5888	6
	0	0.5835	2
	0	0.2329	0
	0	0.5970	3
	0	0.8016	8
	0	0.7388	6
	0	0.9430	5
	0	0.3684	6
	0	0.7068	9
	0	0.3703	2
	0	0.5564	6
	0	0.6228	9
	0	0.6303	5
	0	0.8416	6
	0	0.5932	0
	0	0.7648	5
	0	0.5940	1
	0	0.8850	5
	0	0.8857	9
	0	0.7661	5
	0	0.8804	5
	0	0.3460	5
	0	0.9521	4
	0	0.3443	3
	0	0.6206	2
	0	0.4886	4
	0	0.7516	2
	0	0.4847	3
	0	0.2717	7
	0	0.6233	9
	0	0.7653	7
	0	0.3920	6
	0	0.9674	5
	0	0.8593	6
	0	0.3383	9
	0	0.3183	9
	0	0.9325	4
	0	0.7967	2
	0	0.6183	1
	0	0.5214	7
	0	0.8517	3
	0	0.3825	2
	0	0.4114	3
	0	0.5007	6
	0	0.4162	3
	0	0.5562	7
	0	0.6055	2
	0	0.5081	8
	0	0.4260	2
	0	0.7070	3
	0	0.5883	0
	0	0.7559	5
	0	0.5697	8
	0	0.6876	5
	0	0.7817	2
	0	0.6058	3
	0	0.8685	3
	0	0.5900	3
	0	0.4392	7
	0	0.7003	5
	0	0.5118	3
	0	0.7134	4
	0	0.3818	4
	0	0.3914	2
	0	0.4761	9
	0	0.8735	5
	0	0.4620	6
	0	0.4979	4
	0	0.5620	5
	0	0.4397	2
	0	0.4253	0
	0	0.7416	2
	0	0.2497	8
	0	0.4865	3
	0	0.4004	6
	0	0.3751	2
	0	0.9379	8
	0	0.6121	1
	0	0.5326	3
	0	0.6978	4
	0	0.3773	5
	0	0.5665	7
	0	0.6758	0
	0	0.8559	4
	0	0.5691	1
	0	0.6154	8
	0	0.2444	5
	0	0.6943	5
	0	0.5052	5
	0	0.6839	2
	0	0.9143	0
	0	0.8030	6
	0	0.7291	4
	0	0.4855	6
	0	0.4485	9
	0	0.6361	3
	0	0.5992	2
	0	0.5351	4
	0	0.6623	2
	0	0.5083	5
	0	0.3737	9
	0	0.6956	8
	0	0.5649	7
	0	0.3983	2
	0	0.9514	3
	0	0.4451	3
	0	0.3627	8
	0	0.3634	1
	0	0.4423	3
	0	0.4437	3
	0	0.3190	2
	0	0.8642	8
	0	0.5570	0
	0	0.4956	9
	0	0.6655	4
	0	0.8058	2
	0	0.6451	0
	0	0.3720	3
	0	0.5749	3
	0	0.6491	2
	0	0.6549	7
	0	0.4745	7
	0	0.3738	2
	0	0.7476	8
	0	0.8796	7
	0	0.7470	2
	0	0.5740	7
	0	0.5030	0
	0	0.6482	6
	0	0.3434	7
	0	0.7344	1
	0	0.3742	0
	0	0.3713	3
	0	0.8421	0
	0	0.7473	2
	0	0.8455	5
	0	0.7483	4
	0	0.5175	4
	0	0.6506	7
	0	0.6863	9
	0	0.6760	4
	0	0.4632	6
	0	0.7317	5
	0	0.3453	3
	0	0.2476	5
	0	0.7162	3
	0	0.3609	0
	0	0.3231	3
	0	0.9942	5
	0	0.8622	9
	0	0.8343	4
	0	0.7399	9
	0	0.5595	5
	0	0.3612	2
	0	0.8141	8
	0	0.5963	4
	0	0.3064	5
	0	0.4107	5
	0	0.6939	3
	0	0.7734	5
	0	0.8237	0
	0	0.5604	3
	0	0.7293	2
	0	0.3864	9
	0	0.7992	3
	0	0.6113	1
	0	0.8065	4
	0	0.4346	2
	0	0.4765	2
	0	0.4757	3
	0	0.8669	5
	0	0.6626	3
	0	0.6467	7
	0	0.7345	1
	0	0.3906	5
	0	0.3664	3
	0	0.6983	3
	0	0.9354	2
	0	0.8961	9
	0	0.8769	3
	0	0.5521	5
	0	0.7387	9
	0	0.9676	1
	0	0.3954	6
	0	0.3421	5
	0	0.7494	3
	0	0.5049	6
	0	0.3964	2
	0	0.7069	5
	0	0.9746	3
	0	0.8129	9
	0	0.6528	1
	0	0.5813	2
	0	0.6971	3
	0	0.6706	4
	0	0.5175	9
	0	0.4225	0
	0	0.5892	4
	0	0.4342	7
	0	0.5809	5
	0	0.4896	2
	0	0.7977	5
	0	0.3209	3
	0	0.4679	5
	0	0.5596	3
	0	0.4273	5
	0	0.7464	2
	0	0.6632	9
	0	0.5046	4
	0	0.6541	5
	0	0.4142	3
	0	0.3445	3
	0	0.8185	4
	0	0.5439	6
	0	0.4414	4
	0	0.3897	6
	0	0.9288	5
	0	0.4260	2
	0	0.6126	0
	0	0.4019	5
	0	0.9111	3
	0	0.4088	6
	0	0.4663	7
	0	0.4010	2
	0	0.5338	5
	0	0.7682	4
	0	0.6056	5
	0	0.4794	9
	0	0.4655	8
	0	0.7596	2
	0	0.5569	9
	0	0.9467	9
	0	0.5240	1
	0	0.4166	7
	0	0.3469	0
	0	0.5312	3
	0	0.5304	5
	0	0.3263	1
	0	0.6635	8
	0	0.3741	3
	0	0.2819	3
	0	0.7135	0
	0	0.7371	3
	0	0.4998	5
	0	0.6449	5
	0	0.7261	5
	0	0.6689	9
	0	0.4594	0
	0	0.7712	3
	0	0.9286	0
	0	0.5149	4
	0	0.4704	7
	0	0.5555	5
	0	0.4706	2
	0	0.4046	3
	0	0.7359	5
	0	0.7314	3
	0	0.5156	4
	0	0.5577	3
	0	0.5971	2
	0	0.5389	7
	0	0.7365	7
	0	0.4984	5
	0	0.4516	2
	0	0.5683	7
	0	0.5309	6
	0	0.3317	4
	0	0.8122	2
	0	0.5175	3
	0	0.5328	5
	0	0.6821	3
	0	0.7208	7
	0	0.9016	5
	0	0.4426	5
	0	0.7832	6
	0	0.2540	1
	0	0.6969	8
	0	0.4387	2
	0	0.7472	0
	0	0.4867	3
	0	0.5482	5
	0	0.4856	3
	0	0.5570	4
	0	0.8620	4
	0	0.3818	5
	0	0.4247	3
	0	0.6951	1
	0	0.5373	0
	0	0.4074	0
	0	0.8780	3
	0	0.3478	2
	0	0.6117	7
	0	0.3477	9
	0	0.8937	8
	0	0.7586	1
	0	0.7747	6
	0	0.8570	4
	0	0.7434	6
	0	0.4954	0
	0	0.5700	0
	0	0.2691	0
	0	0.9645	1
	0	0.3950	6
	0	0.5122	2
	0	0.6967	5
	0	0.7486	3
	0	0.6800	3
	0	0.4435	3
	0	0.6501	2
	0	0.7617	3
	0	0.5897	5
	0	0.6172	2
	0	0.3618	3
	0	0.5198	7
	0	0.7322	5
	0	0.5605	5
	0	0.3307	2
	0	0.3568	2
	0	0.3758	3
	0	0.5347	0
	0	0.6735	5
	0	0.5801	5
	0	0.8386	2
	0	0.9762	9
	0	0.8319	2
	0	0.5552	5
	0	0.4140	3
	0	0.2751	3
	0	0.8186	3
	0	0.4680	7
	0	0.5578	3
	0	0.3293	9
	0	0.4244	2
	0	0.6049	5
	0	0.8250	6
	0	0.4524	4
	0	0.9361	5
	0	0.4046	2
	0	0.5220	5
	0	0.3357	1
	0	0.3951	5
	0	0.7512	7
	0	0.5896	2
	0	0.7561	2
	0	0.9277	2
	0	0.4645	6
	0	0.8852	2
	0	0.5514	5
	0	0.3114	2
	0	0.6935	1
	0	0.4634	7
	0	0.5713	3
	0	0.9112	4
	0	0.8685	4
	0	0.8799	0
	0	0.7305	5
	0	0.3040	2
	0	0.7380	0
	0	0.8422	4
	0	0.6647	3
	0	0.2909	4
	0	0.4385	0
	0	0.8578	1
	0	0.6828	2
	0	0.4612	4
	0	0.5305	5
	0	0.5798	2
	0	0.7486	4
	0	0.9125	2
	0	0.9601	4
	0	0.4367	9
	0	0.7850	5
	0	0.6475	3
	0	0.6756	2
	0	0.3567	4
	0	0.3224	7
	0	0.8675	4
	0	0.6663	4
	0	0.7235	1
	0	0.4388	7
	0	0.6189	2
	0	0.7466	5
	0	0.4766	2
	0	0.6178	5
	0	0.4447	2
	0	0.5186	4
	0	0.6173	2
	0	0.3728	5
	0	0.9619	2
	0	0.9774	5
	0	0.4383	3
	0	0.8851	2
	0	0.5760	3
	0	0.3962	3
	0	0.4704	3
	0	0.4940	0
	0	0.8889	0
	0	0.7390	5
	0	0.4543	4
	0	0.7542	1
	0	0.6602	7
	0	0.7687	0
	0	0.6507	8
	0	0.4301	7
	0	0.7270	2
	0	0.5042	2
	0	0.4670	7
	0	0.4788	2
	0	0.7004	4
	0	0.7384	3
	0	0.6637	3
	0	0.8386	3
	0	0.5053	6
	0	0.5988	2
	0	0.4367	2
	0	0.8614	7
	0	0.5802	5
	0	0.4949	7
	0	0.6380	6
	0	0.5674	5
	0	0.5275	2
	0	0.6958	0
	0	0.8446	9
	0	0.4828	9
	0	0.7120	0
	0	0.6913	6
	0	0.9288	4
	0	0.3214	6
	0	0.4873	4
	0	0.6298	3
	0	0.4833	3
	0	0.4554	7
	0	0.4804	2
	0	0.5801	3
	0	0.5273	3
	0	0.8236	2
	0	0.9270	4
	0	0.5301	3
	0	0.6245	0
	0	0.9377	5
	0	0.5925	5
	0	0.4938	5
	0	0.5194	3
	0	0.6431	4
	0	0.3679	4
	0	0.6027	5
	0	0.7661	3
	0	0.8772	7
	0	0.3155	3
	0	0.6005	9
	0	0.6175	7
	0	0.4542	2
	0	0.8620	0
	0	0.9214	3
	0	0.6238	6
	0	0.7001	3
	0	0.7252	0
	0	0.4203	0
	0	0.6889	8
	0	0.5452	8
	0	0.4348	3
	0	0.6074	6
	0	0.7643	3
	0	0.7816	7
	0	0.7649	4
	0	0.2890	7
	0	0.4731	2
	0	0.6614	3
	0	0.9023	0
	0	0.4086	3
	0	0.5302	6
	0	0.5169	5
	0	0.4794	3
	0	0.4550	2
	0	0.8956	2
	0	0.3912	6
	0	0.4585	3
	0	0.6250	4
	0	0.5389	2
	0	0.7059	0
	0	0.5505	0
	0	0.5831	5
	0	0.8317	3
	0	0.5825	4
	0	0.5421	0
	0	0.7786	9
	0	0.5495	8
	0	0.7573	8
	0	0.6842	5
	0	0.6330	2
	0	0.9757	1
	0	0.5779	7
	0	0.3547	4
	0	0.5287	3
	0	0.5487	3
	0	0.7162	6
	0	0.6441	6
	0	0.5319	3
	0	0.6988	4
	0	0.9577	5
	0	0.5059	4
	0	0.5962	4
	0	0.7289	2
	0	0.5521	1
	0	0.7434	3
	0	0.6296	4
	0	0.5530	5
	0	0.4491	3
	0	0.4613	5
	0	0.8065	2
	0	0.8781	0
	0	0.8393	5
	0	0.6502	1
	0	0.6599	4
	0	0.3285	5
	0	0.4879	3
	0	0.8073	7
	0	0.4403	4
	0	0.5500	4
	0	0.9260	4
	0	0.5658	4
	0	0.6123	3
	0	0.6009	8
	0	0.4383	8
	0	0.4591	1
	0	0.9944	1
	0	0.5483	4
	0	0.5146	9
	0	0.5490	3
	0	0.4964	5
	0	0.8216	4
	0	0.7345	2
	0	0.8295	3
	0	0.4797	0
	0	0.5330	3
	0	0.5034	5
	0	0.5034	2
	0	0.7186	5
	0	0.3883	7
	0	0.4566	5
	0	0.2697	4
	0	0.3906	3
	0	0.2725	2
	1	0.9011	1
	1	0.8753	0
	1	0.7558	4
	1	0.7146	5
	1	0.9947	1
	1	0.5689	6
	1	0.5868	1
	1	0.5704	5
	1	0.8895	3
	1	0.8415	2
	1	0.5864	5
	1	0.3911	3
	1	0.7058	4
	1	0.9197	0
	1	0.8340	9
	1	0.5431	1
	1	0.3195	5
	1	0.6997	3
	1	0.7228	3
	1	0.6554	4
	1	0.4804	6
	1	0.9477	4
	1	0.5515	7
	1	0.4510	0
	1	0.4268	3
	1	0.5724	9
	1	0.4699	4
	1	0.7786	4
	1	0.6904	3
	1	0.6393	0
	1	0.4393	4
	1	0.5822	9
	1	0.6360	0
	1	0.3139	3
	1	0.4410	1
	1	0.4981	3
	1	0.3299	0
	1	0.7836	5
	1	0.7290	2
	1	0.4032	4
	1	0.5268	3
	1	0.5732	2
	1	0.5680	0
	1	0.9642	5
	1	0.6558	7
	1	0.9172	5
	1	0.7281	1
	1	0.5017	4
	1	0.4928	2
	1	0.5945	6
	1	0.6703	0
	1	0.6236	3
	1	0.4902	6
	1	0.5389	6
	1	0.5647	6
	1	0.4617	0
	1	0.2805	4
	1	0.7165	7
	1	0.4922	5
	1	0.7493	2
	1	0.6701	6
	1	0.4498	3
	1	0.7186	7
	1	0.8982	2
	1	0.6572	4
	1	0.2566	4
	1	0.6748	1
	1	0.6248	5
	1	0.7209	0
	1	0.9820	1
	1	0.6190	5
	1	0.5311	5
	1	0.4435	5
	1	0.4806	4
	1	0.6075	6
	1	0.5723	8
	1	0.6492	5
	1	0.5901	6
	1	0.4014	7
	1	0.5159	7
	1	0.7114	3
	1	0.5212	1
	1	0.7682	0
	1	0.5215	4
	1	0.3966	5
	1	0.4911	3
	1	0.6271	8
	1	0.9873	3
	1	0.7791	6
	1	0.7872	4
	1	0.6149	0
	1	0.8644	5
	1	0.4992	9
	1	0.4295	3
	1	0.4085	3
	1	0.5566	2
	1	0.3988	9
	1	0.5646	9
	1	0.8897	3
	1	0.7854	4
	1	0.3471	3
	1	0.4686	3
	1	0.8821	7
	1	0.4646	2
	1	0.6685	3
	1	0.7052	3
	1	0.4125	5
	1	0.6374	8
	1	0.7588	4
	1	0.7515	3
	1	0.4639	6
	1	0.3529	0
	1	0.3599	2
	1	0.6901	3
	1	0.4574	3
	1	0.5002	5
	1	0.4136	5
	1	0.5520	3
	1	0.8684	5
	1	0.9013	3
	1	0.3636	5
	1	0.9027	5
	1	0.4998	0
	1	0.6409	9
	1	0.4642	3
	1	0.5907	2
	1	0.6727	3
	1	0.5895	0
	1	0.7144	0
	1	0.8360	5
	1	0.8876	9
	1	0.5809	8
	1	0.9150	6
	1	0.3904	3
	1	0.5796	3
	1	0.6852	0
	1	0.5512	3
	1	0.3549	2
	1	0.4479	6
	1	0.5865	9
	1	0.6636	4
	1	0.7370	1
	1	0.4352	5
	1	0.4966	3
	1	0.4771	8
	1	0.4798	5
	1	0.6980	4
	1	0.3309	2
	1	0.8972	8
	1	0.5966	4
	1	0.8284	6
	1	0.6051	5
	1	0.3415	5
	1	0.6532	7
	1	0.4414	9
	1	0.9097	3
	1	0.5047	3
	1	0.2959	2
	1	0.7997	6
	1	0.4142	5
	1	0.7841	0
	1	0.6368	1
	1	0.6336	3
	1	0.3720	4
	1	0.5385	4
	1	0.7183	8
	1	0.5320	1
	1	0.3915	6
	1	0.6080	8
	1	0.9900	3
	1	0.4673	8
	1	0.7984	7
	1	0.8088	3
	1	0.6386	2
	1	0.8455	0
	1	0.5965	2
	1	0.9237	2
	1	0.9894	9
	1	0.7253	2
	1	0.5263	9
	1	0.6125	5
	1	0.8406	5
	1	0.8346	7
	1	0.7149	3
	1	0.5871	0
	1	0.6322	7
	1	0.6948	3
	1	0.8133	3
	1	0.4794	5
	1	0.9774	6
	1	0.7376	2
	1	0.5826	3
	1	0.3137	7
	1	0.5694	8
	1	0.8488	4
	1	0.8782	2
	1	0.7310	6
	1	0.7397	2
	1	0.8412	5
	1	0.9460	3
	1	0.6753	5
	1	0.5491	5
	1	0.3898	2
	1	0.4687	6
	1	0.5738	4
	1	0.8591	2
	1	0.8986	1
	1	0.5610	5
	1	0.9315	2
	1	0.5266	3
	1	0.2819	5
	1	0.3880	0
	1	0.4636	2
	1	0.6610	3
	1	0.4051	4
	1	0.3937	4
	1	0.9144	5
	1	0.8331	7
	1	0.9699	3
	1	0.4645	4
	1	0.7267	5
	1	0.4415	6
	1	0.4329	3
	1	0.6866	1
	1	0.5343	5
	1	0.9086	9
	1	0.6068	1
	1	0.5585	9
	1	0.7577	6
	1	0.3911	7
	1	0.5355	1
	1	0.8601	8
	1	0.3340	5
	1	0.4349	5
	1	0.9878	1
	1	0.6990	2
	1	0.4339	5
	1	0.3812	4
	1	0.6896	7
	1	0.6296	4
	1	0.8331	5
	1	0.9540	5
	1	0.4777	2
	1	0.8475	2
	1	0.3431	4
	1	0.4312	6
	1	0.4819	7
	1	0.5042	2
	1	0.4212	3
	1	0.4718	3
	1	0.8586	6
	1	0.7416	5
	1	0.4774	2
	1	0.4974	5
	1	0.6389	2
	1	0.9400	7
	1	0.5215	2
	1	0.5007	0
	1	0.4133	0
	1	0.6301	4
	1	0.7860	5
	1	0.4796	6
	1	0.4162	5
	1	0.8961	6
	1	0.6703	7
	1	0.8114	3
	1	0.7262	2
	1	0.4544	3
	1	0.6232	3
	1	0.9183	5
	1	0.3853	2
	1	0.5908	9
	1	0.6216	3
	1	0.7269	5
	1	0.8084	8
	1	0.4643	0
	1	0.4691	1
	1	0.7081	1
	1	0.5610	0
	1	0.5995	2
	1	0.3056	2
	1	0.9653	5
	1	0.9129	5
	1	0.3707	3
	1	0.5521	7
	1	0.5537	0
	1	0.5403	2
	1	0.5227	0
	1	0.7891	3
	1	0.6042	7
	1	0.5585	0
	1	0.9737	9
	1	0.3423	6
	1	0.4005	3
	1	0.6227	0
	1	0.8351	7
	1	0.7953	2
	1	0.3855	2
	1	0.7928	2
	1	0.9369	7
	1	0.5722	7
	1	0.5735	0
	1	0.5530	5
	1	0.4324	8
	1	0.7398	5
	1	0.6707	3
	1	0.4567	5
	1	0.4780	3
	1	0.4021	2
	1	0.6918	1
	1	0.8009	5
	1	0.5082	5
	1	0.2489	0
	1	0.6001	0
	1	0.5304	7
	1	0.7627	2
	1	0.5242	3
	1	0.8856	3
	1	0.7290	3
	1	0.6373	3
	1	0.4382	0
	1	0.7817	3
	1	0.6231	1
	1	0.6688	5
	1	0.4562	4
	1	0.4862	2
	1	0.9097	7
	1	0.2944	3
	1	0.5902	3
	1	0.9213	2
	1	0.5363	3
	1	0.8304	2
	1	0.5582	6
	1	0.8774	2
	1	0.2693	7
	1	0.4901	6
	1	0.9354	9
	1	0.5899	4
	1	0.9460	4
	1	0.9323	9
	1	0.9897	2
	1	0.4944	7
	1	0.9753	0
	1	0.6453	0
	1	0.3850	3
	1	0.3420	5
	1	0.3954	6
	1	0.4882	3
	1	0.3951	4
	1	0.6946	4
	1	0.6618	0
	1	0.6828	3
	1	0.6314	3
	1	0.7756	6
	1	0.7438	2
	1	0.5322	3
	1	0.7573	8
	1	0.9078	6
	1	0.9109	5
	1	0.6223	0
	1	0.2708	6
	1	0.6401	8
	1	0.6064	9
	1	0.3886	6
	1	0.5225	4
	1	0.5104	0
	1	0.5462	5
	1	0.8248	6
	1	0.6133	5
	1	0.7414	1
	1	0.8550	5
	1	0.8946	9
	1	0.8892	5
	1	0.5733	5
	1	0.9270	4
	1	0.7521	4
	1	0.8469	2
	1	0.4740	3
	1	0.3490	7
	1	0.9338	5
	1	0.9006	6
	1	0.7709	0
	1	0.6137	9
	1	0.4585	9
	1	0.9149	4
	1	0.5858	2
	1	0.5789	1
	1	0.4345	4
	1	0.9001	7
	1	0.4910	7
	1	0.8089	3
	1	0.5551	3
	1	0.5439	4
	1	0.5325	2
	1	0.7062	3
	1	0.6581	3
	1	0.4287	7
	1	0.5411	2
	1	0.5592	2
	1	0.6470	3
	1	0.5534	0
	1	0.9711	5
	1	0.5211	4
	1	0.5078	2
	1	0.8851	5
	1	0.9527	2
	1	0.4634	5
	1	0.6159	3
	1	0.4753	2
	1	0.8765	3
	1	0.7962	3
	1	0.8226	5
	1	0.6404	2
	1	0.4110	9
	1	0.3689	8
	1	0.5515	4
	1	0.5267	3
	1	0.4468	2
	1	0.6347	9
	1	0.7563	5
	1	0.3020	5
	1	0.6193	2
	1	0.5480	8
	1	0.8507	3
	1	0.4758	6
	1	0.2744	2
	1	0.5410	3
	1	0.2895	3
	1	0.7103	4
	1	0.4941	5
	1	0.4106	7
	1	0.7772	0
	1	0.7403	1
	1	0.5731	0
	1	0.3701	5
	1	0.7542	5
	1	0.9314	5
	1	0.4271	2
	1	0.7515	0
	1	0.5983	6
	1	0.5439	4
	1	0.4666	6
	1	0.6043	3
	1	0.4527	2
	1	0.5987	4
	1	0.3457	2
	1	0.4958	5
	1	0.7864	8
	1	0.4776	7
	1	0.3956	2
	1	0.6418	3
	1	0.5895	3
	1	0.4265	1
	1	0.4586	3
	1	0.3760	3
	1	0.5247	3
	1	0.7923	0
	1	0.7833	2
	1	0.3563	2
	1	0.3602	3
	1	0.6639	3
	1	0.6759	2
	1	0.3497	9
	1	0.6599	2
	1	0.8453	7
	1	0.4141	2
	1	0.7380	6
	1	0.5363	9
	1	0.5531	3
	1	0.8721	0
	1	0.8399	2
	1	0.8375	5
	1	0.3422	4
	1	0.6867	7
	1	0.4865	4
	1	0.3974	6
	1	0.7794	5
	1	0.4830	5
	1	0.4075	3
	1	0.6255	0
	1	0.3141	3
	1	0.9925	5
	1	0.8958	9
	1	0.5244	9
	1	0.7185	5
	1	0.6345	4
	1	0.3845	5
	1	0.6335	5
	1	0.5817	3
	1	0.9883	5
	1	0.6420	3
	1	0.7066	2
	1	0.4972	9
	1	0.5493	3
	1	0.4747	1
	1	0.6634	4
	1	0.4518	2
	1	0.4265	2
	1	0.5058	5
	1	0.5047	5
	1	0.7386	3
	1	0.8411	1
	1	0.4291	3
	1	0.6137	3
	1	0.8416	2
	1	0.5839	9
	1	0.8476	3
	1	0.5985	9
	1	0.9329	1
	1	0.4486	6
	1	0.6186	5
	1	0.5867	3
	1	0.7831	5
	1	0.8424	9
	1	0.5065	1
	1	0.4573	3
	1	0.9022	4
	1	0.6868	9
	1	0.4232	0
	1	0.8651	4
	1	0.4670	7
	1	0.5654	5
	1	0.8934	5
	1	0.6819	3
	1	0.5118	5
	1	0.5464	3
	1	0.5227	5
	1	0.3697	9
	1	0.8803	9
	1	0.4134	4
	1	0.8344	5
	1	0.8772	3
	1	0.6163	3
	1	0.4174	4
	1	0.9038	6
	1	0.7785	1
	1	0.3074	4
	1	0.4308	6
	1	0.9188	5
	1	0.5308	5
	1	0.9240	3
	1	0.5154	9
	1	0.3861	7
	1	0.4957	2
	1	0.4085	4
	1	0.7060	9
	1	0.5655	2
	1	0.5461	9
	1	0.8098	9
	1	0.9780	9
	1	0.4160	1
	1	0.4520	0
	1	0.6484	3
	1	0.4304	2
	1	0.6422	1
	1	0.2877	3
	1	0.3908	3
	1	0.4307	5
	1	0.5131	5
	1	0.6760	9
	1	0.9630	0
	1	0.6822	1
	1	0.5196	4
	1	0.8426	5
	1	0.7489	3
	1	0.8337	4
	1	0.8540	3
	1	0.8728	2
	1	0.3633	7
	1	0.4072	5
	1	0.7948	7
	1	0.5366	7
	1	0.4867	6
	1	0.4247	4
	1	0.8581	2
	1	0.7878	3
	1	0.8143	3
	1	0.3014	6
	1	0.9038	5
	1	0.8985	5
	1	0.5926	6
	1	0.4818	8
	1	0.6017	5
	1	0.8413	0
	1	0.6236	3
	1	0.5224	9
	1	0.6432	3
	1	0.8248	3
	1	0.7069	4
	1	0.4916	3
	1	0.6222	4
	1	0.5424	5
	1	0.5289	9
	1	0.3826	3
	1	0.7969	0
	1	0.6582	3
	1	0.3674	7
	1	0.5056	8
	1	0.4580	1
	1	0.6293	6
	1	0.5118	4
	1	0.8015	6
	1	0.6270	0
	1	0.4976	0
	1	0.7609	1
	1	0.7086	6
	1	0.2283	2
	1	0.6425	5
	1	0.6318	7
	1	0.5367	3
	1	0.5288	7
	1	0.8248	3
	1	0.4899	3
	1	0.7956	3
	1	0.4399	2
	1	0.4798	3
	1	0.7550	5
	1	0.3109	2
	1	0.5548	0
	1	0.7126	5
	1	0.7037	5
	1	0.4766	0
	1	0.6433	9
	1	0.9626	2
	1	0.9571	9
	1	0.7420	2
	1	0.4567	5
	1	0.9183	3
	1	0.4395	7
	1	0.3259	3
	1	0.4987	9
	1	0.3177	2
	1	0.6020	5
	1	0.8605	6
	1	0.8790	5
	1	0.5403	5
	1	0.5091	5
	1	0.6288	7
	1	0.7511	2
	1	0.2907	2
	1	0.8732	2
	1	0.3938	5
	1	0.6380	2
	1	0.5982	9
	1	0.3189	2
	1	0.9604	1
	1	0.5096	5
	1	0.6040	7
	1	0.7820	4
	1	0.8094	4
	1	0.8728	0
	1	0.4286	3
	1	0.5700	5
	1	0.4703	2
	1	0.8604	0
	1	0.8723	4
	1	0.3786	0
	1	0.8298	1
	1	0.7782	2
	1	0.4444	4
	1	0.7550	2
	1	0.5060	3
	1	0.9620	4
	1	0.7176	2
	1	0.8344	4
	1	0.7751	9
	1	0.6729	5
	1	0.7082	2
	1	0.5117	4
	1	0.3098	6
	1	0.5284	7
	1	0.8330	4
	1	0.5832	4
	1	0.4587	6
	1	0.8672	2
	1	0.4746	5
	1	0.4545	2
	1	0.3908	5
	1	0.5556	6
	1	0.5396	4
	1	0.9028	2
	1	0.8395	5
	1	0.8806	2
	1	0.8865	5
	1	0.5190	3
	1	0.8494	3
	1	0.4626	3
	1	0.5434	5
	1	0.5324	0
	1	0.6798	8
	1	0.6548	5
	1	0.3440	4
	1	0.4994	7
	1	0.2821	8
	1	0.3746	2
	1	0.6662	4
	1	0.9591	8
	1	0.8913	3
	1	0.7664	3
	1	0.5797	6
	1	0.5725	2
	1	0.3700	2
	1	0.9711	7
	1	0.6027	5
	1	0.5804	5
	1	0.5006	0
	1	0.6570	9
	1	0.5086	1
	1	0.5227	9
	1	0.3707	2
	1	0.3925	2
	1	0.7637	6
	1	0.6808	4
	1	0.2909	6
	1	0.7566	3
	1	0.5201	7
	1	0.4685	4
	1	0.6117	2
	1	0.4280	0
	1	0.8668	3
	1	0.5162	3
	1	0.4503	2
	1	0.8853	8
	1	0.5762	6
	1	0.4508	6
	1	0.8236	4
	1	0.8097	0
	1	0.3995	4
	1	0.6956	3
	1	0.5212	3
	1	0.8888	5
	1	0.5714	5
	1	0.5808	5
	1	0.7780	4
	1	0.3709	4
	1	0.2772	4
	1	0.5089	5
	1	0.4760	3
	1	0.7992	3
	1	0.5069	7
	1	0.5365	6
	1	0.5206	7
	1	0.7306	0
	1	0.8365	3
	1	0.3096	6
	1	0.5120	3
	1	0.5007	3
	1	0.5932	0
	1	0.3545	4
	1	0.8073	0
	1	0.6112	3
	1	0.6509	3
	1	0.7790	5
	1	0.7413	7
	1	0.4891	2
	1	0.9633	0
	1	0.4683	1
	1	0.5420	3
	1	0.8150	6
	1	0.9623	2
	1	0.6124	6
	1	0.5464	3
	1	0.4798	4
	1	0.6079	2
	1	0.7477	0
	1	0.4727	6
	1	0.6377	3
	1	0.8988	0
	1	0.4452	8
	1	0.6696	5
	1	0.6277	2
	1	0.7282	1
	1	0.3991	3
	1	0.6002	6
	1	0.4769	3
	1	0.4854	2
	1	0.8806	5
	1	0.7435	9
	1	0.4531	4
	1	0.4707	2
	1	0.4830	1
	1	0.7785	3
	1	0.8610	4
	1	0.5246	3
	1	0.9190	2
	1	0.7602	2
	1	0.4941	7
	1	0.2552	0
	1	0.9261	5
	1	0.4238	4
	1	0.4808	5
	1	0.7509	0
	1	0.4956	3
	1	0.8823	7
	1	0.6755	4
	1	0.8590	4
	1	0.9470	3
	1	0.4728	3
	1	0.4798	6
	1	0.5100	3
	1	0.6218	8
	1	0.5862	1
	1	0.9883	1
	1	0.5018	9
	1	0.7132	5
	1	0.3652	5
	1	0.5236	2
	1	0.7650	2
	1	0.5845	3
	1	0.7045	3
	1	0.3915	2
	1	0.6872	5
	1	0.4352	4
	1	0.4067	7
	1	0.7551	5
	1	0.3461	4
	1	0.7468	2
	2	0.4180	0
	2	0.7177	1
	2	0.6855	0
	2	0.5391	5
	2	0.9943	1
	2	0.5149	5
	2	0.5362	5
	2	0.6073	3
	2	0.9161	2
	2	0.7657	5
	2	0.5309	3
	2	0.5701	4
	2	0.3947	9
	2	0.5953	1
	2	0.4082	5
	2	0.5369	4
	2	0.8015	6
	2	0.8593	4
	2	0.5457	3
	2	0.8174	9
	2	0.9214	4
	2	0.7601	3
	2	0.4712	4
	2	0.5704	3
	2	0.7743	0
	2	0.9019	5
	2	0.6187	2
	2	0.8448	3
	2	0.7993	2
	2	0.4363	0
	2	0.9513	5
	2	0.6697	5
	2	0.4381	3
	2	0.9300	2
	2	0.4282	6
	2	0.5753	0
	2	0.4879	3
	2	0.5190	6
	2	0.6791	6
	2	0.4257	3
	2	0.5043	7
	2	0.8133	4
	2	0.7263	7
	2	0.3785	5
	2	0.3813	2
	2	0.7187	6
	2	0.5837	9
	2	0.5948	3
	2	0.5419	7
	2	0.5385	4
	2	0.5780	0
	2	0.3826	0
	2	0.3632	4
	2	0.9530	5
	2	0.5887	0
	2	0.8521	1
	2	0.6416	5
	2	0.5349	5
	2	0.7995	5
	2	0.6609	3
	2	0.6138	4
	2	0.6489	6
	2	0.8076	8
	2	0.6559	7
	2	0.6605	3
	2	0.9369	0
	2	0.6202	4
	2	0.6367	5
	2	0.5858	3
	2	0.9919	3
	2	0.5988	4
	2	0.5337	0
	2	0.5693	5
	2	0.3127	9
	2	0.5705	3
	2	0.8450	0
	2	0.5065	9
	2	0.9645	4
	2	0.3770	9
	2	0.4496	9
	2	0.9782	3
	2	0.4025	4
	2	0.6110	5
	2	0.4094	0
	2	0.7694	7
	2	0.5464	3
	2	0.6885	5
	2	0.4285	8
	2	0.9815	4
	2	0.5244	4
	2	0.5477	3
	2	0.5999	0
	2	0.4764	2
	2	0.9729	5
	2	0.9978	3
	2	0.3586	5
	2	0.8076	5
	2	0.4249	0
	2	0.2545	3
	2	0.7573	3
	2	0.3703	0
	2	0.5418	6
	2	0.6856	5
	2	0.8488	9
	2	0.4730	8
	2	0.9459	6
	2	0.8609	3
	2	0.2480	7
	2	0.6271	3
	2	0.9365	1
	2	0.7792	5
	2	0.4853	4
	2	0.3640	2
	2	0.5925	9
	2	0.4564	6
	2	0.7333	5
	2	0.5312	5
	2	0.5275	3
	2	0.5940	3
	2	0.7297	3
	2	0.8521	6
	2	0.4594	5
	2	0.8870	0
	2	0.8036	3
	2	0.4183	4
	2	0.4086	4
	2	0.2661	6
	2	0.5477	8
	2	0.5628	2
	2	0.9955	3
	2	0.4607	8
	2	0.9890	7
	2	0.7096	3
	2	0.9497	2
	2	0.9618	0
	2	0.8466	2
	2	0.9150	9
	2	0.4891	3
	2	0.8245	9
	2	0.8414	7
	2	0.6036	1
	2	0.9667	3
	2	0.6371	3
	2	0.9259	6
	2	0.6757	3
	2	0.3472	7
	2	0.8289	4
	2	0.4870	8
	2	0.9822	4
	2	0.8454	2
	2	0.6537	6
	2	0.5197	2
	2	0.9505	3
	2	0.3971	5
	2	0.5630	4
	2	0.5069	6
	2	0.4917	4
	2	0.7077	9
	2	0.6710	1
	2	0.4398	4
	2	0.8206	2
	2	0.3484	2
	2	0.7409	3
	2	0.3797	1
	2	0.4843	0
	2	0.9273	2
	2	0.6830	4
	2	0.4579	4
	2	0.4899	5
	2	0.9360	3
	2	0.6571	4
	2	0.7968	5
	2	0.5879	9
	2	0.5887	3
	2	0.8404	9
	2	0.7189	1
	2	0.5146	6
	2	0.7389	7
	2	0.3521	5
	2	0.4859	5
	2	0.9865	1
	2	0.5961	2
	2	0.6811	7
	2	0.6090	6
	2	0.5039	5
	2	0.6433	5
	2	0.7838	2
	2	0.5852	4
	2	0.4799	6
	2	0.5858	7
	2	0.5543	3
	2	0.5754	2
	2	0.8110	3
	2	0.7908	6
	2	0.8515	2
	2	0.7583	5
	2	0.6710	2
	2	0.6688	2
	2	0.8182	7
	2	0.4624	7
	2	0.5802	0
	2	0.7807	7
	2	0.6428	3
	2	0.6713	2
	2	0.5636	5
	2	0.5784	6
	2	0.8757	5
	2	0.6444	6
	2	0.4676	3
	2	0.5193	3
	2	0.7548	5
	2	0.7205	9
	2	0.4569	2
	2	0.6908	9
	2	0.4438	3
	2	0.8481	5
	2	0.3720	0
	2	0.7334	1
	2	0.5176	0
	2	0.3702	2
	2	0.9966	5
	2	0.6683	7
	2	0.9891	5
	2	0.3102	3
	2	0.7202	7
	2	0.6349	0
	2	0.9678	3
	2	0.6445	2
	2	0.4639	0
	2	0.6203	3
	2	0.9633	9
	2	0.6869	8
	2	0.4037	6
	2	0.4684	3
	2	0.7231	0
	2	0.3949	4
	2	0.7723	2
	2	0.7466	7
	2	0.3644	2
	2	0.9012	7
	2	0.4601	7
	2	0.4736	5
	2	0.8195	5
	2	0.6314	5
	2	0.4779	8
	2	0.6400	3
	2	0.3352	5
	2	0.5053	3
	2	0.4123	2
	2	0.7964	1
	2	0.5598	5
	2	0.4594	5
	2	0.4902	0
	2	0.7533	0
	2	0.5056	7
	2	0.7608	2
	2	0.3830	4
	2	0.7740	3
	2	0.7192	3
	2	0.5201	0
	2	0.9263	3
	2	0.4214	5
	2	0.5440	2
	2	0.8760	7
	2	0.4701	3
	2	0.9433	2
	2	0.8630	2
	2	0.6119	5
	2	0.8194	2
	2	0.6901	4
	2	0.9233	4
	2	0.9501	9
	2	0.4132	5
	2	0.9888	2
	2	0.8632	0
	2	0.6406	5
	2	0.5104	6
	2	0.4294	3
	2	0.5152	4
	2	0.6292	0
	2	0.7932	0
	2	0.6990	6
	2	0.6124	8
	2	0.4695	6
	2	0.8775	5
	2	0.5559	6
	2	0.4085	6
	2	0.8828	9
	2	0.3812	2
	2	0.5167	9
	2	0.9575	4
	2	0.7267	0
	2	0.4618	5
	2	0.4946	5
	2	0.7215	6
	2	0.5718	5
	2	0.9302	1
	2	0.9448	9
	2	0.5839	5
	2	0.8044	5
	2	0.6861	3
	2	0.6053	4
	2	0.7866	1
	2	0.6689	3
	2	0.4021	4
	2	0.4599	3
	2	0.8824	9
	2	0.5281	6
	2	0.8965	5
	2	0.7950	6
	2	0.3968	0
	2	0.5027	9
	2	0.6246	9
	2	0.9672	4
	2	0.9143	3
	2	0.6407	4
	2	0.4299	2
	2	0.9507	3
	2	0.5485	2
	2	0.6679	2
	2	0.8088	3
	2	0.6759	3
	2	0.4100	0
	2	0.8706	5
	2	0.8989	5
	2	0.4702	2
	2	0.6017	3
	2	0.3744	2
	2	0.4856	8
	2	0.5088	4
	2	0.4741	2
	2	0.5085	9
	2	0.5108	6
	2	0.6695	1
	2	0.5372	2
	2	0.4363	2
	2	0.7665	8
	2	0.7221	3
	2	0.5345	6
	2	0.8005	3
	2	0.4930	3
	2	0.6259	3
	2	0.4311	7
	2	0.7522	5
	2	0.9968	5
	2	0.7658	2
	2	0.6681	0
	2	0.4566	6
	2	0.7101	6
	2	0.9127	3
	2	0.4104	4
	2	0.6585	5
	2	0.6311	7
	2	0.4951	9
	2	0.6480	3
	2	0.4856	3
	2	0.9441	1
	2	0.4835	3
	2	0.4267	3
	2	0.6689	2
	2	0.6268	0
	2	0.6137	4
	2	0.5256	2
	2	0.4850	5
	2	0.7539	3
	2	0.5750	3
	2	0.7550	2
	2	0.4759	7
	2	0.4482	9
	2	0.5662	2
	2	0.4420	7
	2	0.4226	2
	2	0.9066	7
	2	0.3373	3
	2	0.7143	1
	2	0.4608	5
	2	0.8211	0
	2	0.6581	2
	2	0.6080	4
	2	0.7257	4
	2	0.4649	4
	2	0.5079	6
	2	0.6860	5
	2	0.7697	3
	2	0.5475	0
	2	0.9952	5
	2	0.6123	9
	2	0.8472	5
	2	0.8685	9
	2	0.6698	5
	2	0.4157	2
	2	0.5234	4
	2	0.4770	5
	2	0.5757	5
	2	0.3810	3
	2	0.8227	5
	2	0.4944	4
	2	0.2131	9
	2	0.8034	3
	2	0.8662	4
	2	0.8510	4
	2	0.4231	4
	2	0.6442	2
	2	0.7362	5
	2	0.6963	7
	2	0.8445	1
	2	0.5078	3
	2	0.7689	3
	2	0.8917	2
	2	0.8042	5
	2	0.4157	9
	2	0.4104	9
	2	0.8298	1
	2	0.4273	6
	2	0.9450	5
	2	0.6350	3
	2	0.6825	5
	2	0.4847	6
	2	0.4619	9
	2	0.7970	9
	2	0.7058	3
	2	0.9152	4
	2	0.6793	9
	2	0.8008	0
	2	0.6469	4
	2	0.4434	7
	2	0.6488	3
	2	0.8004	5
	2	0.5194	5
	2	0.8614	2
	2	0.4250	3
	2	0.4666	9
	2	0.5556	9
	2	0.5380	4
	2	0.4654	5
	2	0.5091	3
	2	0.7598	3
	2	0.9786	1
	2	0.9399	5
	2	0.8745	5
	2	0.8165	3
	2	0.7001	3
	2	0.7428	6
	2	0.5310	7
	2	0.5250	4
	2	0.9571	9
	2	0.6438	2
	2	0.9049	9
	2	0.9740	9
	2	0.4326	1
	2	0.6999	3
	2	0.5502	0
	2	0.6493	3
	2	0.5000	5
	2	0.7229	8
	2	0.5766	5
	2	0.4860	3
	2	0.5552	3
	2	0.5296	5
	2	0.6403	0
	2	0.9460	0
	2	0.6270	0
	2	0.8237	5
	2	0.5064	0
	2	0.3421	4
	2	0.8830	3
	2	0.7183	2
	2	0.6883	2
	2	0.4355	5
	2	0.8540	7
	2	0.3967	2
	2	0.4500	6
	2	0.5796	2
	2	0.7736	3
	2	0.7195	3
	2	0.4561	6
	2	0.9337	5
	2	0.7830	5
	2	0.6993	2
	2	0.9827	0
	2	0.5899	5
	2	0.7661	3
	2	0.3832	3
	2	0.7487	3
	2	0.4921	3
	2	0.7537	5
	2	0.7355	3
	2	0.5033	7
	2	0.5678	3
	2	0.4986	1
	2	0.4302	9
	2	0.5112	4
	2	0.7767	6
	2	0.3267	0
	2	0.8590	1
	2	0.6228	6
	2	0.8395	0
	2	0.7117	5
	2	0.4617	3
	2	0.9804	3
	2	0.8372	0
	2	0.8105	3
	2	0.3105	2
	2	0.6505	3
	2	0.4662	0
	2	0.7257	5
	2	0.5546	5
	2	0.9843	5
	2	0.7513	5
	2	0.3416	0
	2	0.9454	2
	2	0.9939	9
	2	0.3988	3
	2	0.8511	2
	2	0.4209	5
	2	0.5620	3
	2	0.5585	3
	2	0.5604	3
	2	0.3603	9
	2	0.4255	2
	2	0.4913	6
	2	0.9445	5
	2	0.5311	5
	2	0.7312	1
	2	0.5633	7
	2	0.8209	2
	2	0.5631	2
	2	0.9248	2
	2	0.6618	5
	2	0.4400	3
	2	0.8121	5
	2	0.6202	9
	2	0.9238	1
	2	0.6791	0
	2	0.6945	5
	2	0.5799	2
	2	0.4716	4
	2	0.4542	0
	2	0.7787	2
	2	0.9822	4
	2	0.9470	9
	2	0.9017	4
	2	0.9763	4
	2	0.5268	6
	2	0.4119	2
	2	0.9446	2
	2	0.6735	2
	2	0.7066	5
	2	0.3169	2
	2	0.9100	4
	2	0.9004	2
	2	0.9123	5
	2	0.9628	5
	2	0.5845	3
	2	0.7108	3
	2	0.4569	3
	2	0.4621	5
	2	0.5351	3
	2	0.6140	4
	2	0.5803	7
	2	0.6850	0
	2	0.6123	4
	2	0.5170	2
	2	0.5437	2
	2	0.7299	2
	2	0.8758	4
	2	0.9644	8
	2	0.5956	3
	2	0.9363	3
	2	0.6606	6
	2	0.9703	0
	2	0.7760	0
	2	0.6192	2
	2	0.4025	2
	2	0.8451	7
	2	0.7221	5
	2	0.8758	7
	2	0.5681	5
	2	0.5146	0
	2	0.9452	9
	2	0.4460	2
	2	0.3078	0
	2	0.5326	6
	2	0.8214	9
	2	0.6037	3
	2	0.4971	2
	2	0.9323	3
	2	0.6992	4
	2	0.6395	0
	2	0.7815	8
	2	0.6234	4
	2	0.3351	4
	2	0.8555	3
	2	0.8353	3
	2	0.8170	5
	2	0.5024	0
	2	0.5007	5
	2	0.8625	3
	2	0.7652	7
	2	0.7854	6
	2	0.7479	7
	2	0.4792	0
	2	0.5233	3
	2	0.5345	6
	2	0.6324	3
	2	0.8429	0
	2	0.3443	4
	2	0.6922	0
	2	0.3044	3
	2	0.6945	3
	2	0.9763	7
	2	0.3207	7
	2	0.6219	2
	2	0.4826	4
	2	0.7102	6
	2	0.9418	2
	2	0.4963	6
	2	0.7235	4
	2	0.5374	2
	2	0.4855	0
	2	0.5725	6
	2	0.8727	3
	2	0.5616	7
	2	0.7785	4
	2	0.4712	0
	2	0.5063	2
	2	0.9482	1
	2	0.6850	3
	2	0.6137	4
	2	0.5709	3
	2	0.5837	2
	2	0.6655	5
	2	0.6598	9
	2	0.6065	0
	2	0.6977	5
	2	0.7550	3
	2	0.8730	4
	2	0.7499	3
	2	0.9854	2
	2	0.3583	5
	2	0.7465	2
	2	0.4576	0
	2	0.2765	0
	2	0.9176	5
	2	0.4255	5
	2	0.4566	4
	2	0.8483	7
	2	0.9253	4
	2	0.4714	3
	2	0.9825	6
	2	0.6219	8
	2	0.3467	8
	2	0.9480	1
	2	0.8438	5
	2	0.4309	5
	2	0.3964	2
	2	0.7495	2
	2	0.3645	3
	2	0.5192	3
	2	0.8092	5
	2	0.6461	7
	2	0.5020	4
	2	0.7074	7
	2	0.9114	5
	2	0.6660	2
	3	0.6772	0
	3	0.7515	1
	3	0.7268	5
	3	0.9928	1
	3	0.5843	1
	3	0.6492	5
	3	0.3467	3
	3	0.8766	2
	3	0.5023	5
	3	0.6194	5
	3	0.6637	1
	3	0.5884	5
	3	0.5396	4
	3	0.9048	6
	3	0.8477	4
	3	0.5455	9
	3	0.9451	4
	3	0.5085	3
	3	0.4352	4
	3	0.6903	3
	3	0.5194	3
	3	0.5001	0
	3	0.9362	5
	3	0.4970	2
	3	0.8872	3
	3	0.7011	2
	3	0.6481	5
	3	0.7203	5
	3	0.8889	2
	3	0.6171	0
	3	0.4861	3
	3	0.7181	6
	3	0.7361	6
	3	0.6240	3
	3	0.5169	4
	3	0.8690	7
	3	0.8247	2
	3	0.5528	9
	3	0.7955	3
	3	0.5225	7
	3	0.8799	4
	3	0.6544	4
	3	0.5146	5
	3	0.9658	5
	3	0.6267	0
	3	0.9073	1
	3	0.5555	5
	3	0.3052	9
	3	0.6857	8
	3	0.6290	5
	3	0.6563	4
	3	0.4779	2
	3	0.7033	8
	3	0.6995	7
	3	0.8888	3
	3	0.6891	1
	3	0.9763	0
	3	0.8723	4
	3	0.7815	5
	3	0.9153	3
	3	0.4867	4
	3	0.4702	0
	3	0.6788	5
	3	0.3622	9
	3	0.7132	0
	3	0.4711	3
	3	0.7317	4
	3	0.5468	5
	3	0.4814	9
	3	0.9739	3
	3	0.6538	4
	3	0.5672	0
	3	0.6556	7
	3	0.8167	3
	3	0.7228	5
	3	0.4323	4
	3	0.7844	8
	3	0.9818	4
	3	0.5196	4
	3	0.6439	3
	3	0.7452	0
	3	0.6203	2
	3	0.4897	4
	3	0.9633	5
	3	0.9963	3
	3	0.3886	5
	3	0.8431	5
	3	0.6988	5
	3	0.8663	3
	3	0.7246	5
	3	0.7460	5
	3	0.5403	0
	3	0.7743	5
	3	0.4982	8
	3	0.4288	2
	3	0.6228	6
	3	0.8504	8
	3	0.8976	3
	3	0.2233	7
	3	0.9035	1
	3	0.7291	3
	3	0.4272	3
	3	0.6958	5
	3	0.8617	4
	3	0.4016	2
	3	0.6550	5
	3	0.4704	3
	3	0.4734	4
	3	0.5183	3
	3	0.7010	3
	3	0.8645	6
	3	0.5936	5
	3	0.8946	3
	3	0.5110	1
	3	0.6218	3
	3	0.3647	6
	3	0.4972	2
	3	0.9959	3
	3	0.9914	7
	3	0.5917	3
	3	0.4307	5
	3	0.9204	2
	3	0.5326	2
	3	0.9674	0
	3	0.7762	2
	3	0.9048	9
	3	0.8948	2
	3	0.9860	9
	3	0.9352	7
	3	0.5364	3
	3	0.5474	0
	3	0.6027	7
	3	0.6700	1
	3	0.9621	3
	3	0.6733	3
	3	0.9603	6
	3	0.8533	3
	3	0.4880	4
	3	0.8766	4
	3	0.8636	2
	3	0.4173	6
	3	0.4826	2
	3	0.9541	3
	3	0.5580	5
	3	0.5457	4
	3	0.3116	2
	3	0.3455	6
	3	0.5947	4
	3	0.9518	2
	3	0.3073	2
	3	0.4898	3
	3	0.5185	1
	3	0.4498	0
	3	0.5457	2
	3	0.7130	4
	3	0.3893	4
	3	0.2743	5
	3	0.9612	3
	3	0.9299	5
	3	0.6649	3
	3	0.5720	1
	3	0.3027	9
	3	0.6085	7
	3	0.5993	5
	3	0.9958	1
	3	0.6620	2
	3	0.6154	5
	3	0.8432	5
	3	0.8221	2
	3	0.6244	2
	3	0.8588	4
	3	0.5630	6
	3	0.9003	3
	3	0.8923	3
	3	0.9110	6
	3	0.5368	2
	3	0.7986	5
	3	0.4973	3
	3	0.5766	3
	3	0.8085	0
	3	0.7732	7
	3	0.3710	3
	3	0.4938	4
	3	0.9208	2
	3	0.8750	5
	3	0.8650	5
	3	0.5156	6
	3	0.5162	4
	3	0.6165	3
	3	0.3102	3
	3	0.6024	5
	3	0.8536	9
	3	0.6859	2
	3	0.5405	3
	3	0.5002	9
	3	0.7070	3
	3	0.9370	5
	3	0.2407	0
	3	0.4428	3
	3	0.9994	5
	3	0.7298	7
	3	0.9501	5
	3	0.4876	3
	3	0.5138	7
	3	0.7648	0
	3	0.9982	3
	3	0.7037	2
	3	0.6375	0
	3	0.6093	3
	3	0.9197	9
	3	0.4439	3
	3	0.7573	2
	3	0.7575	2
	3	0.9851	7
	3	0.6486	7
	3	0.7876	5
	3	0.8881	5
	3	0.4312	8
	3	0.6368	3
	3	0.4256	1
	3	0.5510	0
	3	0.8256	0
	3	0.6756	7
	3	0.7313	2
	3	0.8364	3
	3	0.7276	3
	3	0.8888	3
	3	0.5894	1
	3	0.7842	5
	3	0.5043	2
	3	0.5936	7
	3	0.7242	3
	3	0.5032	5
	3	0.9400	2
	3	0.9104	2
	3	0.5165	5
	3	0.8881	2
	3	0.3947	6
	3	0.3963	4
	3	0.5140	4
	3	0.5795	9
	3	0.4064	5
	3	0.9955	2
	3	0.6574	0
	3	0.8978	5
	3	0.6426	6
	3	0.4790	4
	3	0.6820	0
	3	0.5076	9
	3	0.5371	0
	3	0.4717	6
	3	0.4214	8
	3	0.3641	6
	3	0.7268	5
	3	0.3659	6
	3	0.3702	2
	3	0.8614	4
	3	0.7523	0
	3	0.5802	5
	3	0.6670	5
	3	0.6789	6
	3	0.9540	1
	3	0.5860	5
	3	0.9527	9
	3	0.9867	5
	3	0.5592	1
	3	0.3840	3
	3	0.5478	4
	3	0.6043	3
	3	0.9370	6
	3	0.6243	0
	3	0.3423	9
	3	0.6602	4
	3	0.9354	3
	3	0.8576	4
	3	0.7950	2
	3	0.8564	3
	3	0.6695	2
	3	0.6399	3
	3	0.6092	0
	3	0.8820	5
	3	0.9629	5
	3	0.9435	2
	3	0.6494	8
	3	0.6687	4
	3	0.2969	2
	3	0.3799	9
	3	0.5447	6
	3	0.6525	1
	3	0.4697	2
	3	0.5676	0
	3	0.7244	8
	3	0.6121	3
	3	0.5770	2
	3	0.5234	1
	3	0.7412	0
	3	0.5556	3
	3	0.5855	5
	3	0.7231	5
	3	0.9977	5
	3	0.6105	2
	3	0.4068	0
	3	0.4937	6
	3	0.5543	9
	3	0.5212	3
	3	0.6606	4
	3	0.8150	5
	3	0.6003	7
	3	0.5318	3
	3	0.5948	1
	3	0.6112	3
	3	0.8147	3
	3	0.6828	4
	3	0.7928	2
	3	0.7038	3
	3	0.7890	3
	3	0.8720	2
	3	0.4944	2
	3	0.3889	7
	3	0.3952	2
	3	0.8685	7
	3	0.6925	1
	3	0.5032	3
	3	0.4899	3
	3	0.9153	0
	3	0.3691	4
	3	0.4562	4
	3	0.4512	4
	3	0.4660	6
	3	0.8102	5
	3	0.5653	0
	3	0.4279	3
	3	0.9944	5
	3	0.6372	9
	3	0.7907	5
	3	0.4953	4
	3	0.5468	5
	3	0.8989	5
	3	0.5538	3
	3	0.9371	5
	3	0.5318	7
	3	0.4881	9
	3	0.9068	3
	3	0.5625	1
	3	0.8963	4
	3	0.5655	4
	3	0.5259	4
	3	0.4928	2
	3	0.9440	5
	3	0.3106	7
	3	0.6592	3
	3	0.7545	3
	3	0.6741	2
	3	0.7638	5
	3	0.6713	9
	3	0.8667	1
	3	0.9898	5
	3	0.8338	5
	3	0.6838	9
	3	0.4262	3
	3	0.8841	4
	3	0.8483	0
	3	0.5797	4
	3	0.5044	4
	3	0.7137	3
	3	0.4368	2
	3	0.7859	5
	3	0.4902	5
	3	0.9131	2
	3	0.4425	9
	3	0.4961	5
	3	0.5948	3
	3	0.5718	3
	3	0.8224	6
	3	0.9384	1
	3	0.9602	5
	3	0.9823	5
	3	0.7016	7
	3	0.7537	3
	3	0.6612	6
	3	0.7740	7
	3	0.3149	7
	3	0.3179	4
	3	0.9164	9
	3	0.9357	9
	3	0.8448	9
	3	0.3869	2
	3	0.7471	3
	3	0.5948	2
	3	0.5080	7
	3	0.3923	1
	3	0.5192	8
	3	0.5925	5
	3	0.4973	3
	3	0.7544	3
	3	0.6187	5
	3	0.8134	0
	3	0.7799	0
	3	0.5162	5
	3	0.5902	0
	3	0.9180	3
	3	0.6895	2
	3	0.5425	5
	3	0.7903	7
	3	0.5833	2
	3	0.8090	6
	3	0.6731	3
	3	0.5794	3
	3	0.7772	5
	3	0.8418	5
	3	0.4397	8
	3	0.5551	5
	3	0.7041	3
	3	0.9916	0
	3	0.8431	5
	3	0.6437	3
	3	0.7382	3
	3	0.6655	3
	3	0.7964	5
	3	0.4207	0
	3	0.6193	0
	3	0.8444	3
	3	0.4084	7
	3	0.7824	3
	3	0.3370	1
	3	0.5373	4
	3	0.8048	6
	3	0.9530	1
	3	0.4060	6
	3	0.9101	0
	3	0.6766	5
	3	0.9503	3
	3	0.8093	0
	3	0.3800	3
	3	0.3388	2
	3	0.5922	3
	3	0.4682	0
	3	0.3879	5
	3	0.4717	5
	3	0.3239	2
	3	0.9828	5
	3	0.7432	5
	3	0.5121	0
	3	0.9726	2
	3	0.9920	9
	3	0.7883	2
	3	0.3981	5
	3	0.5591	3
	3	0.4582	3
	3	0.9579	3
	3	0.4982	3
	3	0.8574	9
	3	0.5916	6
	3	0.8340	5
	3	0.9545	5
	3	0.7450	1
	3	0.8400	2
	3	0.5876	2
	3	0.9664	2
	3	0.5400	5
	3	0.6266	9
	3	0.8755	1
	3	0.8374	4
	3	0.6247	0
	3	0.3921	3
	3	0.6708	5
	3	0.5262	2
	3	0.3406	4
	3	0.7394	0
	3	0.6599	1
	3	0.8276	2
	3	0.8958	4
	3	0.5405	4
	3	0.5011	5
	3	0.9121	4
	3	0.3971	6
	3	0.4705	5
	3	0.9198	4
	3	0.4603	4
	3	0.4487	6
	3	0.6689	2
	3	0.4834	2
	3	0.4335	5
	3	0.8849	4
	3	0.6588	2
	3	0.4985	5
	3	0.9600	5
	3	0.7484	3
	3	0.8715	3
	3	0.5333	0
	3	0.6094	0
	3	0.8224	5
	3	0.5779	4
	3	0.9227	0
	3	0.5198	7
	3	0.6848	4
	3	0.6514	2
	3	0.2499	4
	3	0.5544	8
	3	0.4657	3
	3	0.9008	3
	3	0.7611	6
	3	0.6731	0
	3	0.8968	0
	3	0.4325	2
	3	0.6229	2
	3	0.9688	7
	3	0.6946	5
	3	0.7012	5
	3	0.9556	9
	3	0.5285	2
	3	0.4997	6
	3	0.4052	3
	3	0.8047	3
	3	0.8600	2
	3	0.7784	8
	3	0.5401	3
	3	0.5175	4
	3	0.9271	3
	3	0.9182	3
	3	0.8356	5
	3	0.6265	4
	3	0.8889	4
	3	0.8344	5
	3	0.9453	3
	3	0.6433	7
	3	0.8449	6
	3	0.7235	7
	3	0.6305	0
	3	0.4909	6
	3	0.7202	3
	3	0.9317	3
	3	0.6323	3
	3	0.9299	0
	3	0.4783	4
	3	0.3776	0
	3	0.6434	8
	3	0.4322	3
	3	0.8502	7
	3	0.5854	7
	3	0.5095	2
	3	0.7537	0
	3	0.5596	3
	3	0.9218	6
	3	0.4928	3
	3	0.9426	2
	3	0.6084	6
	3	0.5560	3
	3	0.4638	4
	3	0.7003	3
	3	0.6077	7
	3	0.4144	4
	3	0.7866	2
	3	0.7958	1
	3	0.7603	5
	3	0.6013	4
	3	0.4779	2
	3	0.7216	5
	3	0.7729	5
	3	0.4779	3
	3	0.9512	4
	3	0.5909	5
	3	0.5240	3
	3	0.9007	2
	3	0.5576	5
	3	0.4086	0
	3	0.8186	5
	3	0.7949	7
	3	0.4732	4
	3	0.9522	4
	3	0.4751	3
	3	0.9823	6
	3	0.5121	8
	3	0.6162	8
	3	0.7310	5
	3	0.8256	0
	3	0.4534	2
	3	0.5782	5
	3	0.7958	2
	3	0.8913	5
	3	0.4223	7
	3	0.9633	5
	3	0.5694	2
	4	0.5426	0
	4	0.9651	1
	4	0.9977	1
	4	0.4316	3
	4	0.8653	2
	4	0.3844	1
	4	0.6111	5
	4	0.8602	1
	4	0.5464	5
	4	0.6473	4
	4	0.9234	6
	4	0.9691	4
	4	0.3708	9
	4	0.9049	4
	4	0.4088	3
	4	0.4228	4
	4	0.4121	3
	4	0.7283	3
	4	0.4963	0
	4	0.9368	5
	4	0.6097	2
	4	0.6831	3
	4	0.7173	2
	4	0.4397	0
	4	0.4679	5
	4	0.4511	3
	4	0.9229	2
	4	0.5459	0
	4	0.5392	6
	4	0.4990	6
	4	0.5314	3
	4	0.7645	4
	4	0.7730	7
	4	0.6351	5
	4	0.7971	2
	4	0.8548	3
	4	0.4263	7
	4	0.5527	4
	4	0.7017	4
	4	0.5554	5
	4	0.9807	5
	4	0.8135	0
	4	0.4875	5
	4	0.3447	5
	4	0.4497	5
	4	0.8406	7
	4	0.5862	4
	4	0.7128	6
	4	0.5774	8
	4	0.6191	7
	4	0.8186	3
	4	0.6572	4
	4	0.7991	1
	4	0.9250	0
	4	0.5089	2
	4	0.8773	4
	4	0.8449	5
	4	0.5034	3
	4	0.9281	3
	4	0.6097	3
	4	0.6254	0
	4	0.5985	5
	4	0.3333	3
	4	0.3348	0
	4	0.6109	9
	4	0.4608	5
	4	0.3398	9
	4	0.4907	9
	4	0.5298	8
	4	0.9530	3
	4	0.4757	4
	4	0.6102	0
	4	0.6404	7
	4	0.9496	3
	4	0.5143	3
	4	0.4298	3
	4	0.8341	5
	4	0.7203	8
	4	0.9871	4
	4	0.7236	4
	4	0.5522	0
	4	0.7763	0
	4	0.6627	2
	4	0.9207	5
	4	0.9821	3
	4	0.9190	5
	4	0.8746	0
	4	0.7182	5
	4	0.6238	3
	4	0.5695	5
	4	0.9238	5
	4	0.3961	0
	4	0.5174	6
	4	0.8528	5
	4	0.3104	8
	4	0.7941	6
	4	0.9779	3
	4	0.2232	7
	4	0.7324	1
	4	0.3633	3
	4	0.6600	5
	4	0.5339	4
	4	0.4445	2
	4	0.4841	5
	4	0.7824	3
	4	0.8728	6
	4	0.7363	5
	4	0.4473	8
	4	0.5474	6
	4	0.9989	3
	4	0.9887	7
	4	0.9923	2
	4	0.9763	0
	4	0.8581	2
	4	0.6965	9
	4	0.6734	2
	4	0.9946	9
	4	0.8027	7
	4	0.5721	3
	4	0.5110	7
	4	0.5870	1
	4	0.9373	3
	4	0.8629	3
	4	0.8323	6
	4	0.4110	2
	4	0.8171	3
	4	0.7247	4
	4	0.5390	4
	4	0.8576	2
	4	0.5535	6
	4	0.5064	2
	4	0.8648	3
	4	0.4590	5
	4	0.3795	4
	4	0.7408	9
	4	0.5170	3
	4	0.8076	2
	4	0.3685	2
	4	0.6904	3
	4	0.4062	1
	4	0.6421	0
	4	0.4524	2
	4	0.8868	4
	4	0.3824	4
	4	0.4178	5
	4	0.9601	5
	4	0.9208	3
	4	0.5842	7
	4	0.8641	5
	4	0.9729	1
	4	0.8692	2
	4	0.6968	5
	4	0.5690	2
	4	0.8848	4
	4	0.8826	3
	4	0.4636	2
	4	0.4453	3
	4	0.9268	3
	4	0.9581	6
	4	0.7367	2
	4	0.6764	5
	4	0.5192	3
	4	0.5064	7
	4	0.9494	0
	4	0.8331	7
	4	0.3851	3
	4	0.3644	4
	4	0.8949	2
	4	0.6784	5
	4	0.4500	6
	4	0.9505	5
	4	0.6948	4
	4	0.3723	3
	4	0.8932	9
	4	0.8096	2
	4	0.5060	3
	4	0.9016	5
	4	0.4544	8
	4	0.2998	0
	4	0.5192	0
	4	0.3802	2
	4	0.9984	5
	4	0.6212	7
	4	0.9220	5
	4	0.6260	3
	4	0.7941	7
	4	0.6587	0
	4	0.9985	3
	4	0.6747	2
	4	0.7009	0
	4	0.7534	1
	4	0.5864	3
	4	0.9441	9
	4	0.3776	6
	4	0.3822	3
	4	0.6098	4
	4	0.7649	2
	4	0.5267	2
	4	0.9488	7
	4	0.5633	7
	4	0.9840	5
	4	0.4751	0
	4	0.8789	5
	4	0.7120	3
	4	0.5263	1
	4	0.5090	5
	4	0.6926	0
	4	0.9609	0
	4	0.6527	7
	4	0.5834	2
	4	0.6497	3
	4	0.9350	3
	4	0.6143	3
	4	0.7899	1
	4	0.6672	5
	4	0.5935	2
	4	0.7488	7
	4	0.7481	3
	4	0.6255	5
	4	0.9608	2
	4	0.8756	2
	4	0.5462	5
	4	0.9826	2
	4	0.5065	7
	4	0.5049	4
	4	0.8972	4
	4	0.9045	9
	4	0.9925	2
	4	0.4073	0
	4	0.5211	5
	4	0.6079	2
	4	0.7741	6
	4	0.6078	0
	4	0.7488	6
	4	0.5844	8
	4	0.3268	6
	4	0.9136	5
	4	0.5070	6
	4	0.5528	9
	4	0.4107	2
	4	0.6138	4
	4	0.9572	0
	4	0.4922	5
	4	0.7266	6
	4	0.4748	5
	4	0.5795	3
	4	0.7723	1
	4	0.9462	9
	4	0.9926	5
	4	0.7141	3
	4	0.3668	3
	4	0.7235	6
	4	0.4610	0
	4	0.5341	9
	4	0.6838	5
	4	0.9314	3
	4	0.9351	4
	4	0.5847	2
	4	0.6643	3
	4	0.8671	3
	4	0.8617	2
	4	0.5032	3
	4	0.6892	3
	4	0.7046	0
	4	0.7220	5
	4	0.5274	2
	4	0.9674	5
	4	0.4654	2
	4	0.4178	6
	4	0.5539	3
	4	0.3239	8
	4	0.7727	4
	4	0.3914	4
	4	0.4262	9
	4	0.5553	5
	4	0.5577	6
	4	0.7188	1
	4	0.6655	2
	4	0.5323	0
	4	0.7282	8
	4	0.5332	4
	4	0.6998	1
	4	0.5534	0
	4	0.8853	3
	4	0.9980	5
	4	0.4925	5
	4	0.4295	0
	4	0.5127	6
	4	0.3747	9
	4	0.7041	3
	4	0.3737	4
	4	0.5368	5
	4	0.5239	3
	4	0.9505	1
	4	0.3724	3
	4	0.8350	3
	4	0.6258	4
	4	0.6401	2
	4	0.9319	3
	4	0.8113	3
	4	0.7803	7
	4	0.8432	2
	4	0.5709	7
	4	0.5253	2
	4	0.7206	7
	4	0.5754	7
	4	0.7894	1
	4	0.2646	5
	4	0.5270	3
	4	0.7609	0
	4	0.4974	2
	4	0.3319	4
	4	0.5974	7
	4	0.7180	6
	4	0.7793	5
	4	0.5334	0
	4	0.9893	5
	4	0.9409	9
	4	0.7909	5
	4	0.7310	5
	4	0.4233	2
	4	0.4457	4
	4	0.5198	5
	4	0.9347	5
	4	0.4083	0
	4	0.4743	3
	4	0.9917	5
	4	0.8447	7
	4	0.9262	3
	4	0.8270	4
	4	0.6019	2
	4	0.9041	5
	4	0.4736	7
	4	0.4470	3
	4	0.9348	3
	4	0.7987	5
	4	0.3325	9
	4	0.8326	9
	4	0.9606	1
	4	0.9916	5
	4	0.8231	5
	4	0.5303	3
	4	0.8049	4
	4	0.7064	0
	4	0.4691	4
	4	0.5444	4
	4	0.6178	9
	4	0.7365	3
	4	0.9689	5
	4	0.6163	5
	4	0.9160	2
	4	0.4887	9
	4	0.6179	9
	4	0.4920	7
	4	0.7248	3
	4	0.8996	1
	4	0.9840	5
	4	0.4057	0
	4	0.9306	5
	4	0.5035	7
	4	0.6710	3
	4	0.7313	6
	4	0.5106	7
	4	0.4749	7
	4	0.3498	4
	4	0.6229	9
	4	0.9729	9
	4	0.8994	9
	4	0.5978	0
	4	0.6003	7
	4	0.5304	3
	4	0.7917	3
	4	0.6541	3
	4	0.5413	5
	4	0.5366	5
	4	0.9326	0
	4	0.5616	0
	4	0.6119	5
	4	0.6578	3
	4	0.8496	4
	4	0.5273	2
	4	0.4485	5
	4	0.7271	7
	4	0.4360	2
	4	0.5186	4
	4	0.7745	6
	4	0.6199	3
	4	0.5234	3
	4	0.7352	5
	4	0.8858	5
	4	0.3877	8
	4	0.6955	3
	4	0.9984	0
	4	0.9289	5
	4	0.5260	3
	4	0.6115	9
	4	0.6632	3
	4	0.6788	3
	4	0.9454	5
	4	0.7410	0
	4	0.5899	3
	4	0.5607	1
	4	0.8203	4
	4	0.8940	6
	4	0.9666	1
	4	0.4539	6
	4	0.7346	0
	4	0.9743	3
	4	0.8097	0
	4	0.8453	3
	4	0.4436	5
	4	0.4173	2
	4	0.6179	3
	4	0.4148	5
	4	0.2797	2
	4	0.9976	5
	4	0.5053	5
	4	0.5464	0
	4	0.9359	2
	4	0.9877	9
	4	0.9070	3
	4	0.7276	2
	4	0.4488	5
	4	0.8776	3
	4	0.4442	2
	4	0.4575	3
	4	0.8933	9
	4	0.4069	2
	4	0.5016	5
	4	0.9294	5
	4	0.5024	1
	4	0.7987	2
	4	0.6811	2
	4	0.9743	2
	4	0.4281	5
	4	0.5537	6
	4	0.8675	9
	4	0.3952	2
	4	0.7204	1
	4	0.6356	4
	4	0.4997	0
	4	0.3588	3
	4	0.6449	5
	4	0.4157	4
	4	0.6212	4
	4	0.7931	0
	4	0.8875	2
	4	0.8466	4
	4	0.8660	4
	4	0.5044	5
	4	0.8855	4
	4	0.9288	4
	4	0.5994	6
	4	0.5415	2
	4	0.8744	2
	4	0.6269	2
	4	0.9538	4
	4	0.6586	2
	4	0.4838	5
	4	0.6921	5
	4	0.8082	3
	4	0.6621	0
	4	0.8227	5
	4	0.8273	0
	4	0.8237	4
	4	0.5606	2
	4	0.4012	4
	4	0.4629	3
	4	0.9590	3
	4	0.8094	6
	4	0.6250	0
	4	0.8068	2
	4	0.5008	2
	4	0.5537	7
	4	0.6376	5
	4	0.3122	6
	4	0.5867	5
	4	0.9797	9
	4	0.7048	2
	4	0.6595	6
	4	0.5057	6
	4	0.8805	3
	4	0.7541	3
	4	0.4069	0
	4	0.5327	2
	4	0.5371	8
	4	0.5595	3
	4	0.3405	4
	4	0.7549	3
	4	0.9698	3
	4	0.6721	5
	4	0.6434	5
	4	0.6898	4
	4	0.7486	5
	4	0.7736	3
	4	0.5197	7
	4	0.5560	6
	4	0.8429	7
	4	0.8367	0
	4	0.4814	6
	4	0.7731	3
	4	0.9372	3
	4	0.7698	3
	4	0.8940	0
	4	0.6306	4
	4	0.2994	0
	4	0.8952	8
	4	0.6556	3
	4	0.9911	7
	4	0.4608	3
	4	0.2524	7
	4	0.6221	1
	4	0.7303	2
	4	0.7126	4
	4	0.9662	6
	4	0.4765	3
	4	0.9408	2
	4	0.4886	6
	4	0.3558	3
	4	0.4974	4
	4	0.5467	0
	4	0.8393	3
	4	0.4845	4
	4	0.6482	8
	4	0.9489	2
	4	0.4307	1
	4	0.6521	3
	4	0.9368	2
	4	0.5638	5
	4	0.6744	9
	4	0.3811	3
	4	0.6571	4
	4	0.6483	3
	4	0.9062	2
	4	0.4073	0
	4	0.8204	5
	4	0.6980	0
	4	0.5372	7
	4	0.5364	4
	4	0.8222	4
	4	0.7111	3
	4	0.9874	6
	4	0.4562	8
	4	0.7342	8
	4	0.9080	5
	4	0.4270	2
	4	0.6373	5
	4	0.4090	2
	4	0.6089	5
	4	0.5423	7
	4	0.9703	5
	4	0.3639	2
